﻿With Route
	.Comment (This minimalistic route shows some animated objects in action. This is mostly intended for add-on developers to study but can also be used for users to get to know the basics of the game.$Chr(13)$Chr(13)Use a train with up to 8 cars.)
	.Timetable (Timetable)
	.LightDirection (60; -10)
	.Signal(1).Set (25)
	.Signal(2).Set (45)
	.Signal(3).Set (65)

With Train
	.Run(3).Set (4)
	.Run(4).Set (3)

With Options
	.ObjectVisibility (1)
	.SectionBehavior (1)

With Structure
	.Ground(0).Load (ground1.b3d)
	.Ground(1).Load (ground2.b3d)
	.Ground(2).Load (ground3.b3d)
	.Ground(3).Load (bridge.b3d)
	.Rail(0).Load (rails\rail.csv)
	.Rail(1).Load (rails\rail_L_329.csv)
	.Rail(2).Load (rails\rail_R_329.csv)
	.Rail(3).Load (rails\rail.csv)
	.Rail(4).Load (null.b3d)
	.FormL(0).Load (forms\formL.csv)
	.FormR(0).Load (forms\formR.csv)
	.FormCL(0).Load (forms\formCL.csv)
	.FormCR(0).Load (forms\formCR.csv)
	.RoofL(1).Load (forms\roofL.csv)
	.RoofR(1).Load (forms\roofR.csv)
	.RoofCL(1).Load (forms\roofCL.csv)
	.RoofCR(1).Load (forms\roofCR.csv)
	.Pole(0; 0).Load (pole_1.csv)
	.FreeObj(0).Load (crossing.csv)
	.FreeObj(2).Load (bumper.b3d)
	.FreeObj(3).Load (clock.animated)
	.FreeObj(4).Load (airbus.animated)
	.FreeObj(5).Load (cars.animated)
	.FreeObj(6).Load (crossing.animated)
	.FreeObj(7).Load (escalator.animated)
	.FreeObj(8).Load (display.animated)


With Signal(0)
	.Load (signals\semaphore.animated)
With Signal(1)
	.Load (signals\signal_RYbG.animated)

With Texture.Background(0)
	.Load (background.png)
	.Aspect (1)

With Cycle.Ground(0)
	.Params (0; 1; 2; 1; 2; 0; 2; 0; 1)

With Track

;	---------------------
;	area of first station
;	---------------------

0,	.Height (0.4)
	.Sta (Start; 08.0020; 08.0100; ; -1; 1)
	.Form (0; L; 1)
	.Pole (0; 0; 1; 50)
25,	.Form (0; L; 1)
50,	.Form (0; L; 1)
75,	.Form (0; L; 1)
85,	.PointOfInterest (0; 4; 0.5; -10; 2)
100,	.Form (0; L; 1)
125,	.Form (0; L; 1)
	.Stop (1; ; ; 6) ,; stop point for 6 cars
127.0,	.Tr (2)
137,	.FreeObj (0; 8; -2.4; 4.5) ,; display
150,	.Form (0; L)
	.FreeObj (0; 3; -2.4; 4.4) ,; clock
165,	.Stop (1; ; ; 8) ,; stop point for 8 cars
167.4,	.Tr (1)
180,	.SigF (0; 1; -3; 5) ,; semaphore
185,	.Section (0; 4)
	.Limit (45; 1)
190.2,	.Tr (0)

;	-------------------
;	in-between stations
;	-------------------

; bridge
400,	.Ground (3)
	.FreeObj (-1; 5) ,; cars
	.RailType (0; 3)
	.PoleEnd (0)
	.Brightness (255)
405,	.Brightness (96)
412,	.PointOfInterest (0; -6; 7; -190)
420,	.Brightness (96)
425,	.Ground (0)
	.RailType (0; 0)
	.Brightness (255)
450,	.Curve (-329; 50)
	.RailType (0; 1)
	.Pole (0; 0; 1; 50)
475.0,	.Tr (1)
490,	.SigF (1; 1; 3; 4.5) ,; flashing signal
495,	.Section (0; 2; 4)
575.0,	.Tr (0)

; crossing
610,	.PointOfInterest (0; 5; 1; -10)
625,	.Curve (0)
	.RailType (0; 0)
630,	.FreeObj (0; 0)
	.FreeObj (0; 6) ,; crossing
647,	.Relay (3; -1)
650,	.Curve (329; 50)
	.RailType (0; 2)
750,	.FreeObj (0; 4; 0; 100) ,; airbus
800,	.Curve (0)
	.RailType (0; 0)
800.0,	.Tr (0; 1)
860.3,	.Tr (1)
880,	.Signal (4; ; -3; -1)
	.Limit (25; -1)

;	----------------------
;	area of second station
;	----------------------

900,	.Sta (End; 08.0310; T; ; -1; 1)
	.Form (0; L)
915,	.PointOfInterest (0; 17.5; 1; -20)
925,	.Form (0; L; 1)
950,	.Form (0; L; 1)
975,	.Form (0; L; 1)
1000,	.Form (0; L; 1)
1015,	.Limit (15; 1)
1025,	.Form (0; L; 1)
1050,	.Form (0; L)
1060,	.PointOfInterest (0; -3.5; 2)
1065,	.Stop (1)
1066.0,	.Tr (2)
1072,	.FreeObj (0; 7; -4; 1.15)
1075,	.Ground (3)
	.RailType (0; 3)
	.PoleEnd (0)
	.Brightness (255)
1077.7,	.Tr (1)
1080,	.Brightness (96)
1095,	.Buffer
	.FreeObj (0; 2)
	.Section (0)
	.Brightness (96)
1100,	.Ground (0)
	.Curve (100)
	.RailType (0; 4)
	.Brightness (255)
1200,	.Curve (0)