﻿CreateMeshBuilder
AddVertex,-0.5335,0,25,1,5,0
AddVertex,-0.5935,0,25,-1,5,0
AddVertex,-0.5935,0,0,-1,5,0
AddVertex,-0.5335,0,0,1,5,0
AddFace,1,0,3,2
LoadTexture,rail_top.png
SetTextureCoordinates,0,0,0
SetTextureCoordinates,1,1,0
SetTextureCoordinates,2,1,1
SetTextureCoordinates,3,0,1

CreateMeshBuilder
AddVertex,0.5335,0,25,-1,5,0
AddVertex,0.5935,0,25,1,5,0
AddVertex,0.5935,0,0,1,5,0
AddVertex,0.5335,0,0,-1,5,0
AddFace,0,1,2,3
LoadTexture,rail_top.png
SetTextureCoordinates,0,0,0
SetTextureCoordinates,1,1,0
SetTextureCoordinates,2,1,1
SetTextureCoordinates,3,0,1

CreateMeshBuilder
AddVertex,-0.5635,0,0
AddVertex,-0.5635,0,25
AddVertex,-0.5635,-0.15,25
AddVertex,-0.5635,-0.15,0
AddFace,0,1,2,3
AddFace,3,2,1,0
LoadTexture,rail_side.png
SetTextureCoordinates,0,0,1
SetTextureCoordinates,1,0,0
SetTextureCoordinates,2,1,0
SetTextureCoordinates,3,1,1

CreateMeshBuilder
AddVertex,0.5635,0,0
AddVertex,0.5635,0,25
AddVertex,0.5635,-0.15,25
AddVertex,0.5635,-0.15,0
AddFace,0,1,2,3
AddFace,3,2,1,0
LoadTexture,rail_side.png
SetTextureCoordinates,0,0,1
SetTextureCoordinates,1,0,0
SetTextureCoordinates,2,1,0
SetTextureCoordinates,3,1,1

CreateMeshBuilder
AddVertex,-1.00, -0.15,0
AddVertex,0.00,-0.14,0
AddVertex,0.00,-0.14,25
AddVertex,-1.00,-0.15,25
AddFace,3,2,1,0
LoadTexture,sleepers.png
SetTextureCoordinates,0,0.0,0
SetTextureCoordinates,1,0.5,0
SetTextureCoordinates,2,0.5,18
SetTextureCoordinates,3,0.0,18

CreateMeshBuilder
AddVertex,0.00, -0.14,0
AddVertex,1.00,-0.15,0
AddVertex,1.00,-0.15,25
AddVertex,0.00,-0.14,25
AddFace,3,2,1,0
LoadTexture,sleepers.png
SetTextureCoordinates,0,0.5,0
SetTextureCoordinates,1,1.0,0
SetTextureCoordinates,2,1.0,18
SetTextureCoordinates,3,0.5,18

CreateMeshBuilder
AddVertex,-2.00,-0.5,0,0,1,0
AddVertex,-1.00,-0.15,0,0,1,0
AddVertex,-1.00,-0.15,25,0,1,0
AddVertex,-2.00,-0.5,25,0,1,0
AddFace,3,2,1,0
LoadTexture,ballast.png
SetTextureCoordinates,2,0,0
SetTextureCoordinates,3,1,0
SetTextureCoordinates,0,1,12
SetTextureCoordinates,1,0,12

CreateMeshBuilder
AddVertex,2.00,-0.5,0.0,0,1,0
AddVertex,1.00,-0.15,0.0,0,1,0
AddVertex,1.00,-0.15,25,0,1,0
AddVertex,2.00,-0.5,25,0,1,0
AddFace,0,1,2,3
LoadTexture,ballast.png
SetTextureCoordinates,2,0,0
SetTextureCoordinates,3,1,0
SetTextureCoordinates,0,1,12
SetTextureCoordinates,1,0,12

CreateMeshBuilder
AddVertex,-0.01,5.1,0
AddVertex,0.01,5.1,0
AddVertex,0.01,5.1,25
AddVertex,-0.01,5.1,25
AddFace,2,3,0,1
SetColor,50,50,50

CreateMeshBuilder
AddVertex,-0.01,5.9,0
AddVertex,0.01,5.9,0
AddVertex,0.01,5.9,25
AddVertex,-0.01,5.9,25
AddFace,2,3,0,1
SetColor,50,50,50