CreateMeshBuilder
AddVertex,-0.95,-0.01,0
AddVertex,-0.95,-0.01,6
AddVertex,0.95,-0.01,6
AddVertex,0.95,-0.01,0
AddFace,0,1,2,3
GenerateNormals
LoadTexture,crossing.png
SetTextureCoordinates,0,0,1
SetTextureCoordinates,1,0,0
SetTextureCoordinates,2,1,0
SetTextureCoordinates,3,1,1

CreateMeshBuilder
AddVertex,-1.9,-0.01,0
AddVertex,-1.9,-0.01,6
AddVertex,-0.95,-0.01,6
AddVertex,-0.95,-0.01,0
AddFace,0,1,2,3
GenerateNormals
LoadTexture,asphalt.png
SetTextureCoordinates,0,0,0
SetTextureCoordinates,1,1,0
SetTextureCoordinates,2,1,1
SetTextureCoordinates,3,0,1

CreateMeshBuilder
AddVertex,0.95,-0.01,0
AddVertex,0.95,-0.01,6
AddVertex,1.9,-0.01,6
AddVertex,1.9,-0.01,0
AddFace,0,1,2,3
GenerateNormals
LoadTexture,asphalt.png
SetTextureCoordinates,0,0,1
SetTextureCoordinates,1,1,1
SetTextureCoordinates,2,1,0
SetTextureCoordinates,3,0,0

CreateMeshBuilder
AddVertex,-1.9,-0.45,0
AddVertex,-1.9,-0.01,0
AddVertex,1.9,-0.01,0
AddVertex,1.9,-0.45,0
AddFace,0,1,2,3
SetColor,128,120,112
GenerateNormals