﻿;--------------------------------------
;NWM BrSigs for OpenBVE Object File
;--------------------------------------
;
;www.bve4.net
;www.trainsimcentral.co.uk
;
;Object by TSC team
;
;This object and its textures may be freely reused. 
;Please acknowledge the original authors and leave this header in place.
;Use in conjunction with animated files for .SigF type signalling in openBVE routes only.
;

CreateMeshBuilder
AddVertex,-0.25,-1.8,-0.4
AddVertex,-0.25,-0.8,-0.4
AddVertex,0.25,-0.8,-0.4
AddVertex,0.25,-1.8,-0.4
AddFace,0,1,2,3
SetTextureCoordinates,0,0.0,1.0
SetTextureCoordinates,1,0.0,0.0
SetTextureCoordinates,2,1.0,0.0
SetTextureCoordinates,3,1.0,1.0
LoadTexture,callon1.png,
SetDecalTransparentColor,0,0,255,

CreateMeshBuilder
AddVertex,-0.24,-1.12,-0.38
AddVertex,-0.24,-1.3,-0.38
AddVertex,-0.24,-1.3,-0.48
AddVertex,-0.24,-1.12,-0.55
AddVertex,0.24,-1.12,-0.38
AddVertex,0.24,-1.3,-0.38
AddVertex,0.24,-1.3,-0.48
AddVertex,0.24,-1.12,-0.55
AddVertex,-0.24,-1.12,-0.38
AddVertex,0.24,-1.12,-0.38
AddVertex,0.24,-1.12,-0.55
AddVertex,-0.24,-1.12,-0.55
AddVertex,-0.24,-1.3,-0.38
AddVertex,0.24,-1.3,-0.38
AddVertex,0.24,-1.3,-0.48
AddVertex,-0.24,-1.3,-0.48
AddFace2,0,1,2,3
AddFace2,4,5,6,7,
Addface2,11,10,9,8
Addface2,15,14,13,12,
setcolor,94,109,119

CreateMeshBuilder
AddVertex,0.25,-1.8,-0.4
AddVertex,0.25,-0.8,-0.4
AddVertex,-0.25,-0.8,-0.4
AddVertex,-0.25,-1.8,-0.4
AddFace,0,1,2,3
SetTextureCoordinates,0,1.0,1.0
SetTextureCoordinates,1,1.0,0.0
SetTextureCoordinates,2,0.0,0.0
SetTextureCoordinates,3,0.0,1.0
LoadTexture,callon1_back.png,
SetDecalTransparentColor,0,0,255,

CreateMeshBuilder
AddVertex,-0.18,-1.28,-0.42
AddVertex,-0.18,-1.13,-0.42
AddVertex,0.18,-1.13,-0.42
AddVertex,0.18,-1.28,-0.42
AddFace,0,1,2,3
SetTextureCoordinates,0,0.0,1.0
SetTextureCoordinates,1,0.0,0.0
SetTextureCoordinates,2,1.0,0.0
SetTextureCoordinates,3,1.0,1.0
LoadTexture,sdg.png,
SetEmissiveColor,255,255,255
SetBlendMode,Additive

CreateMeshBuilder
AddVertex,-0.057,-0.055,-0.41
AddVertex,-0.057,0.055,-0.41
AddVertex,0.057,0.055,-0.41
AddVertex,0.057,-0.055,-0.41
AddFace,0,1,2,3
SetTextureCoordinates,0,0.0,1.0
SetTextureCoordinates,1,0.0,0.0
SetTextureCoordinates,2,1.0,0.0
SetTextureCoordinates,3,1.0,1.0
LoadTexture,graphics\light_white.png
SetEmissiveColor,255,255,255
SetBlendMode,Additive
Translate,-0.06,-1.46,0, 

CreateMeshBuilder
AddVertex,-0.057,-0.055,-0.41
AddVertex,-0.057,0.055,-0.41
AddVertex,0.057,0.055,-0.41
AddVertex,0.057,-0.055,-0.41
AddFace,0,1,2,3
SetTextureCoordinates,0,0.0,1.0
SetTextureCoordinates,1,0.0,0.0
SetTextureCoordinates,2,1.0,0.0
SetTextureCoordinates,3,1.0,1.0
LoadTexture,graphics\light_white.png
SetEmissiveColor,255,255,255
SetBlendMode,Additive
Translate,0.135,-1.695,0, 
translateall,0,0.45

CreateMeshBuilder,
AddVertex, 0.131, -0.19, -0.55,
AddVertex, 0.131, -0.24, -0.4, 
AddVertex, 0.12, -0.165, -0.4, 0.13,-0.165, -0.4
AddVertex, 0.12, -0.163, -0.67, 0.12,-0.165, -0.57
AddVertex, 0.0698, -0.106, -0.69, 0.0698, -0.106, -0.59, 
AddVertex, 0.0698, -0.104, -0.4, 0.076, -0.104, -0.4,
AddVertex, 0.03, -0.088, -0.4, 0.03, -0.088, -0.4,
AddVertex, 0.03, -0.093, -0.7, 0.03, -0.093, -0.6,
AddVertex, -0.03, -0.093, -0.7, -0.03, -0.093, -0.6,
AddVertex, -0.03, -0.088, -0.4, -0.03, -0.088, -0.4,
AddVertex, -0.0698, -0.106, -0.4, -0.076, -0.106, -0.4,
AddVertex, -0.0698, -0.106, -0.69, -0.0698, -0.106, -0.59,
AddVertex, -0.12, -0.163, -0.67, -0.12, -0.163, -0.57,
AddVertex, -0.12, -0.165, -0.4, -0.13, -0.165, -0.4,
AddVertex, -0.131, -0.24, -0.4,
AddVertex, -0.131, -0.19, -0.55,
AddFace2,  3,2,1,0,
AddFace2,  2,3,4,5,
AddFace2,  7,6,5,4,
AddFace2,  6,7,8,9,
AddFace2,  11,10,9,8,
AddFace2,  10,11,12,13,
AddFace2,  15,14,13,12,
SetColor, 96,109,119,
GenerateNormals,
translate,-0.11,-1.8,-0.4,
scale,0.55,0.5,0.5

CreateMeshBuilder,
AddVertex, 0.131, -0.19, -0.55,
AddVertex, 0.131, -0.24, -0.4, 
AddVertex, 0.12, -0.165, -0.4, 0.13,-0.165, -0.4
AddVertex, 0.12, -0.163, -0.67, 0.12,-0.165, -0.57
AddVertex, 0.0698, -0.106, -0.69, 0.0698, -0.106, -0.59, 
AddVertex, 0.0698, -0.104, -0.4, 0.076, -0.104, -0.4,
AddVertex, 0.03, -0.088, -0.4, 0.03, -0.088, -0.4,
AddVertex, 0.03, -0.093, -0.7, 0.03, -0.093, -0.6,
AddVertex, -0.03, -0.093, -0.7, -0.03, -0.093, -0.6,
AddVertex, -0.03, -0.088, -0.4, -0.03, -0.088, -0.4,
AddVertex, -0.0698, -0.106, -0.4, -0.076, -0.106, -0.4,
AddVertex, -0.0698, -0.106, -0.69, -0.0698, -0.106, -0.59,
AddVertex, -0.12, -0.163, -0.67, -0.12, -0.163, -0.57,
AddVertex, -0.12, -0.165, -0.4, -0.13, -0.165, -0.4,
AddVertex, -0.131, -0.24, -0.4,
AddVertex, -0.131, -0.19, -0.55,
AddFace2,  3,2,1,0,
AddFace2,  2,3,4,5,
AddFace2,  7,6,5,4,
AddFace2,  6,7,8,9,
AddFace2,  11,10,9,8,
AddFace2,  10,11,12,13,
AddFace2,  15,14,13,12,
SetColor, 96,109,119,
GenerateNormals,
translate,0.24,-2.26,-0.4,
scale,0.55,0.5,0.5


