﻿;--------------------------------------
;NWM BrSigs for OpenBVE Object File
;--------------------------------------
;
;www.bve4.net
;www.trainsimcentral.co.uk
;
;Object by TSC team
;
;This object and its textures may be freely reused. 
;Please acknowledge the original authors and leave this header in place.
;Use in conjunction with animated files for .SigF type signalling in openBVE routes only.
;

CreateMeshBuilder
AddVertex,-0.23,-1.8,-0.4
AddVertex,-0.23,-1.0,-0.4
AddVertex,0.23,-1.0,-0.4
AddVertex,0.23,-1.8,-0.4
AddFace,0,1,2,3
SetTextureCoordinates,0,0.0,1.0
SetTextureCoordinates,1,0.0,0.0
SetTextureCoordinates,2,1.0,0.0
SetTextureCoordinates,3,1.0,1.0
LoadTexture,callon2.png,
SetDecalTransparentColor,0,0,255,

CreateMeshBuilder
AddVertex,0.23,-1.8,-0.4
AddVertex,0.23,-1.0,-0.4
AddVertex,-0.23,-1.0,-0.4
AddVertex,-0.23,-1.8,-0.4
AddFace,0,1,2,3
SetTextureCoordinates,0,1.0,1.0
SetTextureCoordinates,1,1.0,0.0
SetTextureCoordinates,2,0.0,0.0
SetTextureCoordinates,3,0.0,1.0
LoadTexture,callon2_back.png,
SetDecalTransparentColor,0,0,255,

CreateMeshBuilder
AddVertex,-0.22,-1.015,-0.38
AddVertex,-0.22,-1.3,-0.38
AddVertex,-0.22,-1.3,-0.48
AddVertex,-0.22,-1.015,-0.55
AddVertex,0.22,-1.015,-0.38
AddVertex,0.22,-1.3,-0.38
AddVertex,0.22,-1.3,-0.48
AddVertex,0.22,-1.015,-0.55
AddVertex,-0.22,-1.015,-0.38
AddVertex,0.22,-1.015,-0.38
AddVertex,0.22,-1.015,-0.55
AddVertex,-0.22,-1.015,-0.55
AddVertex,-0.22,-1.3,-0.38
AddVertex,0.22,-1.3,-0.38
AddVertex,0.22,-1.3,-0.48
AddVertex,-0.22,-1.3,-0.48
AddFace2,0,1,2,3
AddFace2,4,5,6,7,
Addface2,11,10,9,8
Addface2,15,14,13,12,
setcolor,94,109,119
translate,0,-0.1,0

CreateMeshBuilder,
AddVertex, 0.131, -0.19, -0.55,
AddVertex, 0.131, -0.24, -0.4, 
AddVertex, 0.12, -0.165, -0.4, 0.13,-0.165, -0.4
AddVertex, 0.12, -0.163, -0.67, 0.12,-0.165, -0.57
AddVertex, 0.0698, -0.106, -0.69, 0.0698, -0.106, -0.59, 
AddVertex, 0.0698, -0.104, -0.4, 0.076, -0.104, -0.4,
AddVertex, 0.03, -0.088, -0.4, 0.03, -0.088, -0.4,
AddVertex, 0.03, -0.093, -0.7, 0.03, -0.093, -0.6,
AddVertex, -0.03, -0.093, -0.7, -0.03, -0.093, -0.6,
AddVertex, -0.03, -0.088, -0.4, -0.03, -0.088, -0.4,
AddVertex, -0.0698, -0.106, -0.4, -0.076, -0.106, -0.4,
AddVertex, -0.0698, -0.106, -0.69, -0.0698, -0.106, -0.59,
AddVertex, -0.12, -0.163, -0.67, -0.12, -0.163, -0.57,
AddVertex, -0.12, -0.165, -0.4, -0.13, -0.165, -0.4,
AddVertex, -0.131, -0.24, -0.4,
AddVertex, -0.131, -0.19, -0.55,
AddFace2,  3,2,1,0,
AddFace2,  2,3,4,5,
AddFace2,  7,6,5,4,
AddFace2,  6,7,8,9,
AddFace2,  11,10,9,8,
AddFace2,  10,11,12,13,
AddFace2,  15,14,13,12,
SetColor, 96,109,119,
GenerateNormals,
translate,-0.1,-2.86,-0.4,
scale,0.55,0.5,0.5

CreateMeshBuilder,
AddVertex, 0.131, -0.19, -0.55,
AddVertex, 0.131, -0.24, -0.4, 
AddVertex, 0.12, -0.165, -0.4, 0.13,-0.165, -0.4
AddVertex, 0.12, -0.163, -0.67, 0.12,-0.165, -0.57
AddVertex, 0.0698, -0.106, -0.69, 0.0698, -0.106, -0.59, 
AddVertex, 0.0698, -0.104, -0.4, 0.076, -0.104, -0.4,
AddVertex, 0.03, -0.088, -0.4, 0.03, -0.088, -0.4,
AddVertex, 0.03, -0.093, -0.7, 0.03, -0.093, -0.6,
AddVertex, -0.03, -0.093, -0.7, -0.03, -0.093, -0.6,
AddVertex, -0.03, -0.088, -0.4, -0.03, -0.088, -0.4,
AddVertex, -0.0698, -0.106, -0.4, -0.076, -0.106, -0.4,
AddVertex, -0.0698, -0.106, -0.69, -0.0698, -0.106, -0.59,
AddVertex, -0.12, -0.163, -0.67, -0.12, -0.163, -0.57,
AddVertex, -0.12, -0.165, -0.4, -0.13, -0.165, -0.4,
AddVertex, -0.131, -0.24, -0.4,
AddVertex, -0.131, -0.19, -0.55,
AddFace2,  3,2,1,0,
AddFace2,  2,3,4,5,
AddFace2,  7,6,5,4,
AddFace2,  6,7,8,9,
AddFace2,  11,10,9,8,
AddFace2,  10,11,12,13,
AddFace2,  15,14,13,12,
SetColor, 96,109,119,
GenerateNormals,
translate,0.22,-3.23,-0.4,
scale,0.55,0.5,0.5

