﻿;--------------------------------------
;NWM BrSigs for OpenBVE Object File
;--------------------------------------
;
;www.bve4.net
;www.trainsimcentral.co.uk
;
;Object by TSC team
;
;This object and its textures may be freely reused. 
;Please acknowledge the original authors and leave this header in place.
;Use in conjunction with animated files for .SigF type signalling in openBVE routes only.
;

CreateMeshBuilder
AddVertex,-1.18,0,-0.4
AddVertex,-1.18,1.35,-0.4
AddVertex,1.18,1.35,-0.4
AddVertex,1.18,0,-0.4
AddFace2,0,1,2,3
SetTextureCoordinates,0,1.0,1.0
SetTextureCoordinates,1,1.0,0.0
SetTextureCoordinates,2,0.0,0.0
SetTextureCoordinates,3,0.0,1.0
LoadTexture,signal4featherl.png
SetDecalTransparentColor,0,0,0,

CreateMeshBuilder,
AddVertex, 0.112, -1.27, -0.4
AddVertex, 0.112, -1.27, -0.277
AddVertex, 0.112, -0.07, -0.277
AddVertex, 0.112, -0.07, -0.4
AddVertex, -0.112, -0.07, -0.4, 
AddVertex, -0.112, -0.07, -0.277
AddVertex, -0.112, -1.27, -0.277
AddVertex, -0.112, -1.27, -0.4
AddVertex, 0.112, -1.27, -0.4
AddVertex, 0.112, -1.27, -0.277
AddFace,3,2,1,0,
AddFace,2,3,4,5,
AddFace,7,6,5,4,
AddFace,6,7,8,9,
setcolor,101,116,126,
GenerateNormals,
rotate,0,0,1,-48
translate,0.841,1.076,

CreateMeshBuilder
AddVertex,0.112,0.07,-0.277
AddVertex,0.112,1.27,-0.277
AddVertex,-0.112,1.27,-0.277
AddVertex,-0.112,0.07,-0.277
AddFace,0,1,2,3,
SetTextureCoordinates,0,0.0,5.0
SetTextureCoordinates,1,0.0,0.0
SetTextureCoordinates,2,1.0,0.0
SetTextureCoordinates,3,1.0,5.0
LoadTexture,back_box.png,
rotate,0,0,1,-48
translate,-0.155,0.18,

CreateMeshBuilder
AddVertex,-0.085,-0.085,-0.41
AddVertex,-0.085,0.085,-0.41
AddVertex,0.085,0.085,-0.41
AddVertex,0.085,-0.085,-0.41
AddFace,0,1,2,3
SetTextureCoordinates,0,0.0,1.0
SetTextureCoordinates,1,0.0,0.0
SetTextureCoordinates,2,1.0,0.0
SetTextureCoordinates,3,1.0,1.0
LoadTexture,graphics\light_white.png
SetEmissiveColor,255,255,255
SetBlendMode,Additive
Translate,0,0.3,0, 

CreateMeshBuilder
AddVertex,-0.085,-0.085,-0.41
AddVertex,-0.085,0.085,-0.41
AddVertex,0.085,0.085,-0.41
AddVertex,0.085,-0.085,-0.41
AddFace,0,1,2,3
SetTextureCoordinates,0,0.0,1.0
SetTextureCoordinates,1,0.0,0.0
SetTextureCoordinates,2,1.0,0.0
SetTextureCoordinates,3,1.0,1.0
LoadTexture,graphics\light_white.png
SetEmissiveColor,255,255,255
SetBlendMode,Additive
Translate,0.17,0.45,0, 

CreateMeshBuilder
AddVertex,-0.085,-0.085,-0.41
AddVertex,-0.085,0.085,-0.41
AddVertex,0.085,0.085,-0.41
AddVertex,0.085,-0.085,-0.41
AddFace,0,1,2,3
SetTextureCoordinates,0,0.0,1.0
SetTextureCoordinates,1,0.0,0.0
SetTextureCoordinates,2,1.0,0.0
SetTextureCoordinates,3,1.0,1.0
LoadTexture,graphics\light_white.png
SetEmissiveColor,255,255,255
SetBlendMode,Additive
Translate,0.34,0.62,0, 

CreateMeshBuilder
AddVertex,-0.085,-0.085,-0.41
AddVertex,-0.085,0.085,-0.41
AddVertex,0.085,0.085,-0.41
AddVertex,0.085,-0.085,-0.41
AddFace,0,1,2,3
SetTextureCoordinates,0,0.0,1.0
SetTextureCoordinates,1,0.0,0.0
SetTextureCoordinates,2,1.0,0.0
SetTextureCoordinates,3,1.0,1.0
LoadTexture,graphics\light_white.png
SetEmissiveColor,255,255,255
SetBlendMode,Additive
Translate,0.51,0.77,0, 

CreateMeshBuilder
AddVertex,-0.085,-0.085,-0.41
AddVertex,-0.085,0.085,-0.41
AddVertex,0.085,0.085,-0.41
AddVertex,0.085,-0.085,-0.41
AddFace,0,1,2,3
SetTextureCoordinates,0,0.0,1.0
SetTextureCoordinates,1,0.0,0.0
SetTextureCoordinates,2,1.0,0.0
SetTextureCoordinates,3,1.0,1.0
LoadTexture,graphics\light_white.png
SetEmissiveColor,255,255,255
SetBlendMode,Additive
Translate,0.7,0.93,0, 

CreateMeshBuilder,
AddVertex, 0.125, -0.19, -0.65 ,
AddVertex, 0.125, -0.21, -0.4 ,
AddVertex, 0.12, -0.163, -0.4 ,
AddVertex, 0.12, -0.163, -0.67 ,
AddVertex, 0.0698, -0.106, -0.69 ,
AddVertex, 0.0698, -0.106, -0.4 ,
AddVertex, 0.03, -0.093, -0.4 ,
AddVertex, 0.03, -0.093, -0.7 ,
AddVertex, -0.03, -0.093, -0.7 ,
AddVertex, -0.03, -0.093, -0.4 ,
AddVertex, -0.0698, -0.106, -0.4 ,
AddVertex, -0.0698, -0.106, -0.69 ,
AddVertex, -0.12, -0.163, -0.67 ,
AddVertex, -0.12, -0.163, -0.4,
AddVertex, -0.125, -0.21, -0.4 ,
AddVertex, -0.125, -0.19, -0.65 ,
AddFace,  0,1,2,3,
AddFace,  5,4,3,2,
AddFace,  4,5,6,7,
AddFace,  9,8,7,6,
AddFace,  8,9,10,11
AddFace,  13,12,11,10,
AddFace,  12,13,14,15,
SetColor, 24,29,35,
setemissivecolor,40,40,30,
GenerateNormals,
translate,0,0.5,0,
scale,0.75,
CreateMeshBuilder,
AddVertex, 0.125, -0.19, -0.65,
AddVertex, 0.128, -0.24, -0.4, 
AddVertex, 0.13, -0.165, -0.4, 0.13,-0.165, -0.4
AddVertex, 0.12, -0.163, -0.67, 0.12,-0.165, -0.67
AddVertex, 0.0698, -0.106, -0.69, 0.0698, -0.106, -0.69, 
AddVertex, 0.076, -0.104, -0.4, 0.076, -0.104, -0.4,
AddVertex, 0.03, -0.088, -0.4, 0.03, -0.088, -0.4,
AddVertex, 0.03, -0.093, -0.7, 0.03, -0.093, -0.7,
AddVertex, -0.03, -0.093, -0.7, -0.03, -0.093, -0.7,
AddVertex, -0.03, -0.088, -0.4, -0.03, -0.088, -0.4,
AddVertex, -0.076, -0.106, -0.4, -0.076, -0.106, -0.4,
AddVertex, -0.0698, -0.106, -0.69, -0.0698, -0.106, -0.69,
AddVertex, -0.12, -0.163, -0.67, -0.12, -0.163, -0.67,
AddVertex, -0.13, -0.165, -0.4, -0.13, -0.165, -0.4,
AddVertex, -0.128, -0.24, -0.4,
AddVertex, -0.125, -0.19, -0.65,
AddFace,  3,2,1,0,
AddFace,  2,3,4,5,
AddFace,  7,6,5,4,
AddFace,  6,7,8,9,
AddFace,  11,10,9,8,
AddFace,  10,11,12,13,
AddFace,  15,14,13,12,
SetColor, 96,109,119,
GenerateNormals,
translate,0,0.5,0,
scale,0.75,

CreateMeshBuilder,
AddVertex, 0.125, -0.19, -0.65 ,
AddVertex, 0.125, -0.21, -0.4 ,
AddVertex, 0.12, -0.163, -0.4 ,
AddVertex, 0.12, -0.163, -0.67 ,
AddVertex, 0.0698, -0.106, -0.69 ,
AddVertex, 0.0698, -0.106, -0.4 ,
AddVertex, 0.03, -0.093, -0.4 ,
AddVertex, 0.03, -0.093, -0.7 ,
AddVertex, -0.03, -0.093, -0.7 ,
AddVertex, -0.03, -0.093, -0.4 ,
AddVertex, -0.0698, -0.106, -0.4 ,
AddVertex, -0.0698, -0.106, -0.69 ,
AddVertex, -0.12, -0.163, -0.67 ,
AddVertex, -0.12, -0.163, -0.4,
AddVertex, -0.125, -0.21, -0.4 ,
AddVertex, -0.125, -0.19, -0.65 ,
AddFace,  0,1,2,3,
AddFace,  5,4,3,2,
AddFace,  4,5,6,7,
AddFace,  9,8,7,6,
AddFace,  8,9,10,11
AddFace,  13,12,11,10,
AddFace,  12,13,14,15,
SetColor, 24,29,35,
setemissivecolor,40,40,30,
GenerateNormals,
translate,0.225,0.655,0,
scale,0.75,
CreateMeshBuilder,
AddVertex, 0.125, -0.19, -0.65,
AddVertex, 0.128, -0.24, -0.4, 
AddVertex, 0.13, -0.165, -0.4, 0.13,-0.165, -0.4
AddVertex, 0.12, -0.163, -0.67, 0.12,-0.165, -0.67
AddVertex, 0.0698, -0.106, -0.69, 0.0698, -0.106, -0.69, 
AddVertex, 0.076, -0.104, -0.4, 0.076, -0.104, -0.4,
AddVertex, 0.03, -0.088, -0.4, 0.03, -0.088, -0.4,
AddVertex, 0.03, -0.093, -0.7, 0.03, -0.093, -0.7,
AddVertex, -0.03, -0.093, -0.7, -0.03, -0.093, -0.7,
AddVertex, -0.03, -0.088, -0.4, -0.03, -0.088, -0.4,
AddVertex, -0.076, -0.106, -0.4, -0.076, -0.106, -0.4,
AddVertex, -0.0698, -0.106, -0.69, -0.0698, -0.106, -0.69,
AddVertex, -0.12, -0.163, -0.67, -0.12, -0.163, -0.67,
AddVertex, -0.13, -0.165, -0.4, -0.13, -0.165, -0.4,
AddVertex, -0.128, -0.24, -0.4,
AddVertex, -0.125, -0.19, -0.65,
AddFace,  3,2,1,0,
AddFace,  2,3,4,5,
AddFace,  7,6,5,4,
AddFace,  6,7,8,9,
AddFace,  11,10,9,8,
AddFace,  10,11,12,13,
AddFace,  15,14,13,12,
SetColor, 96,109,119,
GenerateNormals,
translate,0.225,0.655,0,
scale,0.75,

CreateMeshBuilder,
AddVertex, 0.125, -0.19, -0.65 ,
AddVertex, 0.125, -0.21, -0.4 ,
AddVertex, 0.12, -0.163, -0.4 ,
AddVertex, 0.12, -0.163, -0.67 ,
AddVertex, 0.0698, -0.106, -0.69 ,
AddVertex, 0.0698, -0.106, -0.4 ,
AddVertex, 0.03, -0.093, -0.4 ,
AddVertex, 0.03, -0.093, -0.7 ,
AddVertex, -0.03, -0.093, -0.7 ,
AddVertex, -0.03, -0.093, -0.4 ,
AddVertex, -0.0698, -0.106, -0.4 ,
AddVertex, -0.0698, -0.106, -0.69 ,
AddVertex, -0.12, -0.163, -0.67 ,
AddVertex, -0.12, -0.163, -0.4,
AddVertex, -0.125, -0.21, -0.4 ,
AddVertex, -0.125, -0.19, -0.65 ,
AddFace,  0,1,2,3,
AddFace,  5,4,3,2,
AddFace,  4,5,6,7,
AddFace,  9,8,7,6,
AddFace,  8,9,10,11
AddFace,  13,12,11,10,
AddFace,  12,13,14,15,
SetColor, 24,29,35,
setemissivecolor,40,40,30,
GenerateNormals,
translate,0.445,0.825,0,
scale,0.75,
CreateMeshBuilder,
AddVertex, 0.125, -0.19, -0.65,
AddVertex, 0.128, -0.24, -0.4, 
AddVertex, 0.13, -0.165, -0.4, 0.13,-0.165, -0.4
AddVertex, 0.12, -0.163, -0.67, 0.12,-0.165, -0.67
AddVertex, 0.0698, -0.106, -0.69, 0.0698, -0.106, -0.69, 
AddVertex, 0.076, -0.104, -0.4, 0.076, -0.104, -0.4,
AddVertex, 0.03, -0.088, -0.4, 0.03, -0.088, -0.4,
AddVertex, 0.03, -0.093, -0.7, 0.03, -0.093, -0.7,
AddVertex, -0.03, -0.093, -0.7, -0.03, -0.093, -0.7,
AddVertex, -0.03, -0.088, -0.4, -0.03, -0.088, -0.4,
AddVertex, -0.076, -0.106, -0.4, -0.076, -0.106, -0.4,
AddVertex, -0.0698, -0.106, -0.69, -0.0698, -0.106, -0.69,
AddVertex, -0.12, -0.163, -0.67, -0.12, -0.163, -0.67,
AddVertex, -0.13, -0.165, -0.4, -0.13, -0.165, -0.4,
AddVertex, -0.128, -0.24, -0.4,
AddVertex, -0.125, -0.19, -0.65,
AddFace,  3,2,1,0,
AddFace,  2,3,4,5,
AddFace,  7,6,5,4,
AddFace,  6,7,8,9,
AddFace,  11,10,9,8,
AddFace,  10,11,12,13,
AddFace,  15,14,13,12,
SetColor, 96,109,119,
GenerateNormals,
translate,0.445,0.825,0,
scale,0.75,

CreateMeshBuilder,
AddVertex, 0.125, -0.19, -0.65 ,
AddVertex, 0.125, -0.21, -0.4 ,
AddVertex, 0.12, -0.163, -0.4 ,
AddVertex, 0.12, -0.163, -0.67 ,
AddVertex, 0.0698, -0.106, -0.69 ,
AddVertex, 0.0698, -0.106, -0.4 ,
AddVertex, 0.03, -0.093, -0.4 ,
AddVertex, 0.03, -0.093, -0.7 ,
AddVertex, -0.03, -0.093, -0.7 ,
AddVertex, -0.03, -0.093, -0.4 ,
AddVertex, -0.0698, -0.106, -0.4 ,
AddVertex, -0.0698, -0.106, -0.69 ,
AddVertex, -0.12, -0.163, -0.67 ,
AddVertex, -0.12, -0.163, -0.4,
AddVertex, -0.125, -0.21, -0.4 ,
AddVertex, -0.125, -0.19, -0.65 ,
AddFace,  0,1,2,3,
AddFace,  5,4,3,2,
AddFace,  4,5,6,7,
AddFace,  9,8,7,6,
AddFace,  8,9,10,11
AddFace,  13,12,11,10,
AddFace,  12,13,14,15,
SetColor, 24,29,35,
setemissivecolor,40,40,30,
GenerateNormals,
translate,0.675,0.97,0,
scale,0.75,
CreateMeshBuilder,
AddVertex, 0.125, -0.19, -0.65,
AddVertex, 0.128, -0.24, -0.4, 
AddVertex, 0.13, -0.165, -0.4, 0.13,-0.165, -0.4
AddVertex, 0.12, -0.163, -0.67, 0.12,-0.165, -0.67
AddVertex, 0.0698, -0.106, -0.69, 0.0698, -0.106, -0.69, 
AddVertex, 0.076, -0.104, -0.4, 0.076, -0.104, -0.4,
AddVertex, 0.03, -0.088, -0.4, 0.03, -0.088, -0.4,
AddVertex, 0.03, -0.093, -0.7, 0.03, -0.093, -0.7,
AddVertex, -0.03, -0.093, -0.7, -0.03, -0.093, -0.7,
AddVertex, -0.03, -0.088, -0.4, -0.03, -0.088, -0.4,
AddVertex, -0.076, -0.106, -0.4, -0.076, -0.106, -0.4,
AddVertex, -0.0698, -0.106, -0.69, -0.0698, -0.106, -0.69,
AddVertex, -0.12, -0.163, -0.67, -0.12, -0.163, -0.67,
AddVertex, -0.13, -0.165, -0.4, -0.13, -0.165, -0.4,
AddVertex, -0.128, -0.24, -0.4,
AddVertex, -0.125, -0.19, -0.65,
AddFace,  3,2,1,0,
AddFace,  2,3,4,5,
AddFace,  7,6,5,4,
AddFace,  6,7,8,9,
AddFace,  11,10,9,8,
AddFace,  10,11,12,13,
AddFace,  15,14,13,12,
SetColor, 96,109,119,
GenerateNormals,
translate,0.675,0.97,0,
scale,0.75,

CreateMeshBuilder,
AddVertex, 0.125, -0.19, -0.65 ,
AddVertex, 0.125, -0.21, -0.4 ,
AddVertex, 0.12, -0.163, -0.4 ,
AddVertex, 0.12, -0.163, -0.67 ,
AddVertex, 0.0698, -0.106, -0.69 ,
AddVertex, 0.0698, -0.106, -0.4 ,
AddVertex, 0.03, -0.093, -0.4 ,
AddVertex, 0.03, -0.093, -0.7 ,
AddVertex, -0.03, -0.093, -0.7 ,
AddVertex, -0.03, -0.093, -0.4 ,
AddVertex, -0.0698, -0.106, -0.4 ,
AddVertex, -0.0698, -0.106, -0.69 ,
AddVertex, -0.12, -0.163, -0.67 ,
AddVertex, -0.12, -0.163, -0.4,
AddVertex, -0.125, -0.21, -0.4 ,
AddVertex, -0.125, -0.19, -0.65 ,
AddFace,  0,1,2,3,
AddFace,  5,4,3,2,
AddFace,  4,5,6,7,
AddFace,  9,8,7,6,
AddFace,  8,9,10,11
AddFace,  13,12,11,10,
AddFace,  12,13,14,15,
SetColor, 24,29,35,
setemissivecolor,40,40,30,
GenerateNormals,
translate,0.935,1.135,0,
scale,0.75,
CreateMeshBuilder,
AddVertex, 0.125, -0.19, -0.65,
AddVertex, 0.128, -0.24, -0.4, 
AddVertex, 0.13, -0.165, -0.4, 0.13,-0.165, -0.4
AddVertex, 0.12, -0.163, -0.67, 0.12,-0.165, -0.67
AddVertex, 0.0698, -0.106, -0.69, 0.0698, -0.106, -0.69, 
AddVertex, 0.076, -0.104, -0.4, 0.076, -0.104, -0.4,
AddVertex, 0.03, -0.088, -0.4, 0.03, -0.088, -0.4,
AddVertex, 0.03, -0.093, -0.7, 0.03, -0.093, -0.7,
AddVertex, -0.03, -0.093, -0.7, -0.03, -0.093, -0.7,
AddVertex, -0.03, -0.088, -0.4, -0.03, -0.088, -0.4,
AddVertex, -0.076, -0.106, -0.4, -0.076, -0.106, -0.4,
AddVertex, -0.0698, -0.106, -0.69, -0.0698, -0.106, -0.69,
AddVertex, -0.12, -0.163, -0.67, -0.12, -0.163, -0.67,
AddVertex, -0.13, -0.165, -0.4, -0.13, -0.165, -0.4,
AddVertex, -0.128, -0.24, -0.4,
AddVertex, -0.125, -0.19, -0.65,
AddFace,  3,2,1,0,
AddFace,  2,3,4,5,
AddFace,  7,6,5,4,
AddFace,  6,7,8,9,
AddFace,  11,10,9,8,
AddFace,  10,11,12,13,
AddFace,  15,14,13,12,
SetColor, 96,109,119,
GenerateNormals,
translate,0.935,1.135,0,
scale,0.75,
